Last Updated,Preferred Lender,Lender,Product Type,Product Security,Product Name,Min Loan,Max Loan,Min Term,Max Term,Monthly Interest From,Monthly Interest To,Factor Rate,Fees,Commission,Min Trading Months,Min Monthly Turnover,Debt Consolidation Option?,StartUp Option?,Existing Lending Required,PG Required,Homeowner Required,Other Security,Key Underwriting Criteria,Adverse Credit,Product USP,Submission
,No,365 Finance,Merchant Cash Advance,Unsecured,,"£10,000","£500,000",,10,,,FR from 1.2,,,6,"£10,000",,,No,Yes,No,,Will lend up to 120% monthly turnover; 15% sweep rate,,Repayments tied to sales perfomance,https://365businessfinance.my.site.com/partner/login
,No,Adelpha Capital,Term Loan,Unsecured,,"£3,000","£20,000",6,36,1.90%,5.90%,,,Up to 10%,30,"£1,500",,,No,Yes,No,,Max capped at 2x monthly revenue; VAT returns tax position not required upfront but needed to complete underwriting,,Top-ups available after 3 months; early repayment permitted once minimum 6 months interest has been paid;,underwriting@adelphacapital.com
,No,Adelpha Capital,Term Loan,Unsecured,,"£20,001","£150,000",6,36,1.90%,5.90%,,,,6,"£10,001",,,No,Yes,Yes,,Max capped at 2x monthly revenue; VAT returns tax position not required upfront but needed to complete underwriting,,Top-ups available after 3 months; early repayment permitted once minimum 6 months interest has been paid;,underwriting@adelphacapital.com
,No,Adelpha Capital,Term Loan,Secured,,"£5,000","£150,000",12,72,1.50%,3.90%,,,,6,"£2,500",,,No,Yes,Yes,Director and shareholder guarantees plus equitable charge over residential property,Max capped at 2x monthly revenue; VAT returns tax position not required upfront but needed to complete underwriting,,Cheaper; longer-term option with fewer lending restrictions; top-ups available after 3 months; early repayment permitted once minimum 12 months interest has been paid;,underwriting@adelphacapital.com
,No,Aldermore,Invoice Finance,Unsecured,,"£1,000","£2,000,000",3,36,,,,,,0,£0,,,No,Case-by-case,Not stated,,"GGS Invoice Finance; borrower must be UK trading; viable and not in difficulty; subsidy limits apply; facility limit may be increased for some extraordinary events; excludes inter-company debt, aged debtors and disputed debt; pricing is case-by-case; normal commercial terms used if better",,Can support increased invoice finance availability under GGS; borrower remains 100% liable; available to existing Aldermore Invoice Finance clients and new prospective clients,
,No,Aldermore,Term Loan,Secured,,£0,£0,0,0,,,,,,0,"£62,500",,,Yes,Case-by-case,Not stated,Receivables; plant and machinery; property,"Invoice finance facility required; tailored pricing provided by proposal; suitable for MBOs, MBIs, restructuring, mergers, acquisitions and OpCo/PropCo funding",,Asset-based funding against multiple asset classes; may provide higher working capital availability than traditional lending; scalable facility; dedicated relationship and ABL structuring support; optional Bad Debt Protection,
,No,Aldermore,Term Loan,Unsecured,,"£25,001","£2,000,000",3,72,,,,,,0,£0,,,Yes,Case-by-case,Not stated,,"GGS Term Loan; must sit alongside the client’s Aldermore Invoice Finance facility; borrower must be UK trading; viable and not in difficulty; borrower remains 100% liable; subsidy limits apply; previous CBILS, BBLS, RLS or other scheme borrowing may reduce available amount; pricing is case-by-case; normal commercial terms used if better",,Term loan can sit alongside invoice finance for growth; investment or cash flow needs; supports additional funding where standard commercial terms may not be available,
13/07/2026,Yes,ASG finance,Bridging,Secured,Bridging Loan,"£300,000","£7,000,000",12,12,1.10%,1.40%,,1.0% 1st Charge; 1.4% 2nd Charge; Min costs of 6 months interest ; 3% arr fee,1.50%,0,"£100,000",Yes,Yes,No,Yes,Yes,Property; Most assest classes,Up to 65% LTV; 1st and 2nd charge; Lending against most asset classes;,Considered (commercial decision),Term can be extended; Serviced and non serviced options,Dan.Carter@asgfinance.co.uk
13/07/2026,Yes,ASG finance,Bridging,Secured,Bridging Loan -  Stepper,"£300,000","£7,000,000",6,12,0.60%,1.25%,,0.6% months 0 to 3; 0.9% months 4 to 6; 1.1% month 7 to 9;  1.25% months 10 to 12; 2.25% arr fee; 1.85% additional fee at month 7,1.50%,0,"£100,000",Yes,Yes,No,Yes,Yes,Property; Most assest classes,Up to 65% LTV; 1st and 2nd charge; Lending against most asset classes;,Considered (commercial decision),Good for terms < 6 months so additioanl fee not charged; Term can be extended; Serviced and non serviced options,Dan.Carter@asgfinance.co.uk
13/07/2026,Yes,ASG finance,Revolving Credit Facility,Secured,Revolving Credit Facility,"£300,000","£7,000,000",12,12,1.10%,1.40%,,1.0% 1st Charge; 1.4% 2nd Charge; Min costs of 6 months interest ; 3% arr fee,1.50%,0,"£100,000",Yes,Yes,No,Yes,Yes,Property; Most assest classes,Up to 65% LTV; 1st and 2nd charge; Lending against most asset classes;,Considered (commercial decision),Term can be extended; Serviced and non serviced options,Dan.Carter@asgfinance.co.uk
,No,Asset Advantage,Asset Finance,Secured,,"£15,000","£500,000",36,60,1.17%,1.33%,,£250 doc fee; £250 option to purchase fee,,0,£0,,,No,Case-by-case,No,Asset security over financed asset,"Hire Purchase; non-regulated only; Limited Companies accepted; Sole Traders and LLPs accepted for transactions over £25k; hard assets, soft assets and new start businesses considered; HP VAT payable with first repayment; no VAT deferrals; sale and HP back available from £50k where invoices are no more than 5 months old; each invoice must be at least £1k net; non-business critical assets excluded; customer must state they are not in arrears with HMRC",,Ownership can transfer to the client at the end of the agreement; fixed monthly Direct Debit repayments; early settlement available subject to terms; suitable for business equipment and machinery,proposals@assetadvantage.co.uk
,No,Asset Advantage,Asset Finance,Secured,,"£15,000","£500,000",36,60,1.17%,1.33%,,£250 doc fee; £250 option to purchase fee,,0,£0,,,No,Case-by-case,No,Asset security over leased asset,"Finance Lease; non-regulated only; Limited Companies accepted; Sole Traders and LLPs accepted for transactions over £25k; hard assets, soft assets and new start businesses considered; sale and leaseback available from £50k where invoices are no more than 5 months old; each invoice must be at least £1k net; non-business critical assets excluded; customer must state they are not in arrears with HMRC",,Long-term asset use without outright purchase; lower initial outlay; fixed monthly Direct Debit repayments; early settlement available subject to terms; suitable for equipment investment,proposals@assetadvantage.co.uk
,No,Asset Advantage,Asset Finance,Secured,,"£75,000","£500,000",36,60,1.17%,1.33%,,£250 acceptance fee;1% arr fee,,0,£0,,,No,Case-by-case,No,,"CapEx Term Loan; non-regulated only; Limited Companies accepted; Sole Traders and LLPs accepted for transactions over £75k; suitable for fit-outs, refurbishments, soft assets, intangible costs and complicated supplier structures; refinance, consolidation, standalone stock funding and short-term working capital excluded; customer must state they are not in arrears with HMRC",,Upfront funding for business assets where traditional asset finance may not work; monthly Direct Debit repayments; early settlement available subject to terms,proposals@assetadvantage.co.uk
,No,Asset Advantage,Asset Finance,Secured,,"£75,000","£500,000",36,60,1.17%,1.33%,,£250 acceptance fee;1% arr fee,,0,£0,,,No,Case-by-case,No,,"Business Acquisition Loan; non-regulated only; Limited Companies accepted; Sole Traders and LLPs accepted for transactions over £75k; suitable for buying a business, buying out a business partner or director buy-ins; refinance, consolidation, standalone stock funding and short-term working capital excluded; customer must state they are not in arrears with HMRC",,Can fund up to 100% of the deal; structured monthly Direct Debit repayments; early settlement available subject to terms; supports acquisition or partner buy-out transactions,proposals@assetadvantage.co.uk
,No,Barclays,Term Loan,Unsecured,,"£1,000","£25,000",12,120,,,,,,0,£0,,,No,Case-by-case,Not stated,,"Owners, partners and directors must be 18 or over and able to prove 12 months UK residency; Business Current Account required with Barclays UK or another provider",severely credit impaired customers not supported,Fixed monthly repayments; full repayment holiday up to 6 months may be considered at outset; no early repayment fees,
,No,Barclays,Term Loan,Unsecured,,"£25,001","£100,000",12,300,,,,,,0,£0,,,No,Case-by-case,Not stated,,"Owners, partners and directors must be 18 or over and able to prove 12 months UK residency; Business Current Account required with Barclays UK or another provider; maximum annual turnover £6,5m unless agricultural sector",severely credit impaired customers not supported,"Fixed and variable rates available; capital repayment holidays may be available; flexible business loan for growth, cash flow and equipment funding",
,No,Barclays,Term Loan,Secured,,"£100,001","£3,000,000",12,300,,,,,,0,£0,,,No,Case-by-case,Yes,,"Owners, partners and directors must be 18 or over and able to prove 12 months UK residency; Business Current Account required with Barclays UK or another provider; maximum annual turnover £6,5m unless agricultural sector",severely credit impaired customers not supported,Fixed and variable rates available; secured route may support lower pricing; capital repayment holidays may be available,
,No,Barclays,Term Loan,Secured,,"£25,001",£0,12,300,,,,,,0,£0,,,No,Case-by-case,Yes,Legal charge over trading premises,"Commercial Mortgage; UK-domiciled business required; maximum annual turnover £6,5m unless agricultural sector; owners, partners and directors must be 18 or over and able to prove 12 months UK residency; Business Current Account required",severely credit impaired customers not supported,Fixed and variable rates available; capital repayment holidays may be available; flexible repayment profiles available,
,No,Barclays,Term Loan,Secured,,"£25,001",£0,12,300,,,,,,0,£0,,,No,Case-by-case,Yes,First legal charge over development property,"Property Development Loan; property development businesses only; new residential or commercial developments only; customer must provide cash deposit of at least 40% of overall development costs; build must not already be underway; owners, partners and directors must be 18 or over and able to prove 12 months UK residency",,Staged drawdown available; flexible repayment profiles including bullet or balloon repayments; capital repayment holidays may be available,
,No,Barclays,Term Loan,Secured,,"£25,001",£0,12,300,,,,,,0,£0,,,No,Case-by-case,Yes,"First legal charge over land, maximum 60% LTV","Property Investment Loan; real estate sector businesses only; portfolio must include 4 or more residential or commercial buy-to-let properties; properties must be UK based; Business Current Account required; owners, partners and directors must be 18 or over and able to prove 12 months UK residency",severely credit impaired customers not supported,Interest-only period up to 15 years may be available; capital repayment holidays may be available; non-monthly repayment frequencies may be available,
,No,Bibby ,Asset Finance,Secured,,"£5,000","£500,000",24,60,,,,,,36,£0,,,No,Case-by-case,No,"Balance-sheet led underwriting, no security in soft assets",Soft asset finance; new assets only; minimum 3 years trading unless supported by group or franchise financials; Tier 1 credit appetite; lend size must be proportional to balance sheet; tenant cases capped at £25k; 90-day sale and leaseback or sale and HP back available on supplier invoice excluding scaffolding; no private sales,"minimal adverse, profitable business and good accounts required","Can fund soft assets including fit outs, racking, shelving and mezzanine flooring; MOT and garage equipment; hair and beauty equipment; commercial kitchen equipment; IT hardware and software; medical and cleaning equipment; shop fitting, EPOS and sunbeds",
,No,Bibby ,Asset Finance,Secured,,"£5,000","£500,000",24,36,,,,,,36,£0,,,No,Yes,No,"Balance-sheet led underwriting, no security in soft assets",Scaffolding finance; new assets only; minimum 3 years trading unless supported by group or franchise financials; invoices not older than 90 days; sale and HP back or leaseback not available on scaffolding; tenant cases capped at £25k,,Specific scaffolding appetite available where invoice; credit profile and structure are acceptable,Broker-led submission
,No,Bibby ,Asset Finance,Secured,,"£10,000","£2,000,000",24,84,,,,,,0,£0,,,No,Case-by-case,No,Asset security over financed asset,"Hard asset finance; new or used assets; in-house credit limit before group approval is £750k; new starts considered with clear business plan and additional security; 84 month terms only for advances over £100k on deal-by-deal basis; VAT deferrals on Cat A considered; short-term sub-hire only up to 90 days; tenant cases require stable voters roll evidence; classic cars, prestige cars, long-term sub-hire, taxis, chauffeur, PCO, wind turbines, biomass and Northern Ireland based businesses excluded",,"Can fund commercial vehicles, HGVs, trailers and business-critical cars; construction equipment, yellow plant and cranes; buses, coaches and minibuses; manufacturing equipment; agricultural and forestry machinery; material handling, access platforms and horseboxes; balloons considered where proportional",Broker-led submission
,No,Bibby ,Asset Finance,Secured,,"£15,000","£2,000,000",24,84,,,,,,0,£0,,,No,Yes,No,Asset security over refinanced asset,Hard asset refinance; clear rationale required for Cat A assets; Scotland can only be structured as sale and leaseback due title rules; original invoices required to confirm title; asset inspection mandatory before payout; tenant cases require stable voters roll evidence,,Refinance route for owned hard assets; HP or minimum term leases available; can release capital where title and asset value are evidenced,Broker-led submission
02/07/2026,Yes,Bizcap,Term Loan,Unsecured,Term Loan,"£5,000","£1,250,000",3,12,,,1.27 to 1.49,5% drawdown Fee 5%;,up to 10%,4,"£12,000",No,No,No,Yes,No,Debebture (case by cacse); Cross Corporate Guarantee (case by case); Property (case by case),Revenue based lending NOT profit based lending; LTD and LLP & Partnerships; Excluding  Construction and transportation; OB to remain connected,"No minimum credit score; flexible view to defaults, CCJs and debt",Daily or Weekly repayments; OK with existing loans; OK with HMRC Debt,https://applications.bizcap.co.uk/?partnerid=e13077f1-8e0c-4c36-85ce-197da59be64f
02/07/2026,Yes,Bizcap,Term Loan,Unsecured,Term Loan,"£25,000","£1,250,000",3,12,,,1.27 to 1.49,5% drawdown Fee 5%;,up to 10%,12,"£20,000",No,No,No,Yes,No,Debebture (case by cacse); Cross Corporate Guarantee (case by case); Property (case by case),Revenue based lending NOT profit based lending; Sole traders only; OB to remain connected,"No minimum credit score; flexible view to defaults, CCJs and debt",Daily or Weekly repayments; OK with existing loans; OK with HMRC Debt,https://applications.bizcap.co.uk/?partnerid=e13077f1-8e0c-4c36-85ce-197da59be64f
02/07/2026,Yes,Bizcap,Term Loan,Unsecured,Term Loan,"£5,000","£1,250,000",3,12,,,1.27 to 1.49,5% drawdown Fee 5%;,up to 10%,12,"£20,000",No,No,No,Yes,No,Debebture (case by cacse); Cross Corporate Guarantee (case by case); Property (case by case),Revenue based lending NOT profit based lending; LTD and LLP & Partnerships : Including Construction and transportation; OB to remain connected,"No minimum credit score; flexible view to defaults, CCJs and debt",Daily or Weekly repayments; OK with existing loans; OK with HMRC Debt,https://applications.bizcap.co.uk/?partnerid=e13077f1-8e0c-4c36-85ce-197da59be64f
02/07/2026,Yes,Bizcap,Term Loan,Unsecured,Working Capital Facilty,"£25,000","£1,250,000",3,12,,,1.27 to 1.49,5% drawdown Fee 5%;,up to 10%,9,"£20,000",No,No,No,Yes,No,Debebture (case by cacse); Cross Corporate Guarantee (case by case); Property (case by case),Revenue based lending NOT profit based lending; LTD and LLP & Partnerships; Excluding  Construction and transportation; OB to remain connected,"No minimum credit score; flexible view to defaults, CCJs and debt",Daily or Weekly repayments; ~80% of facility day 1; 100% of facility available after week 2; OK with existing loans; OK with HMRC Debt;,https://applications.bizcap.co.uk/?partnerid=e13077f1-8e0c-4c36-85ce-197da59be64f
02/07/2026,Yes,Bizcap,Term Loan,Unsecured,Working Capital Facilty,"£25,000","£1,250,000",3,12,,,1.27 to 1.49,5% drawdown Fee 5%;,up to 10%,12,"£20,000",No,No,No,Yes,No,Debebture (case by cacse); Cross Corporate Guarantee (case by case); Property (case by case),Revenue based lending NOT profit based lending; Sole traders only; OB to remain connected,"No minimum credit score; flexible view to defaults, CCJs and debt",Daily or Weekly repayments; ~80% of facility day 1; 100% of facility available after week 2; OK with existing loans; OK with HMRC Debt;,https://applications.bizcap.co.uk/?partnerid=e13077f1-8e0c-4c36-85ce-197da59be64f
02/07/2026,Yes,Bizcap,Term Loan,Unsecured,Working Capital Facilty,"£25,000","£1,250,000",3,12,,,1.27 to 1.49,5% drawdown Fee 5%;,up to 10%,12,"£20,000",No,No,No,Yes,No,Debebture (case by cacse); Cross Corporate Guarantee (case by case); Property (case by case),Revenue based lending NOT profit based lending; LTD and LLP & Partnerships : Including Construction and transportation; OB to remain connected,"No minimum credit score; flexible view to defaults, CCJs and debt",Daily or Weekly repayments; ~80% of facility day 1; 100% of facility available after week 2; OK with existing loans; OK with HMRC Debt;,https://applications.bizcap.co.uk/?partnerid=e13077f1-8e0c-4c36-85ce-197da59be64f
14/07/206,Yes,British Business Bank,Term Loan,Unsecured,Start Up Loan,£500,"£25,000",12,60,0.63%,0.63%,,,,0,£0,,Yes,No,No,No,,,,https://www.startuploans.co.uk; Helpline 0344 264 2600; Free application support; free post-loan mentoring; free business document templates and guides,
,Yes,Capify,Term Loan,Unsecured,Term Loan,"£5,000","£250,000",3,6,5.83%,11.67%,,,,3,"£10,000",,,No,Not stated,No,,six months bank statements required,"Low credit, defaults, CCJs and previous insolvency considered; suitable where the client has weaker credit or adverse history",Decision targeted within 3 hours; same-day funding available for deals under £250k,proposals@capify.co.uk
,Yes,Capify,Term Loan,Unsecured,Term Loan,"£10,000","£500,000",7,18,1.11%,2.86%,,,,6,"£10,000",,,No,Not stated,No,,For business owners without property; six months bank statements required,,Decision targeted within 5 hours; same-day funding available for deals under £250k; unsecured funding route for clients without property,proposals@capify.co.uk
,Yes,Capify,Term Loan,Secured,Term Loan,"£50,000","£500,000",7,24,0.50%,1.71%,,,,6,"£10,000",,,No,Not stated,Yes,Business/property security,For business owners with property; six months bank statements required,,Secured funding route; decision targeted within 24 hours; funding typically within 24 to 48 hours; longer terms available up to 24 months,proposals@capify.co.uk
,Yes,Capify,Term Loan,Secured,Term Loan,"£500,000","£3,000,000",6,24,0.58%,2.33%,,,,24,"£416,667",,,No,Not stated,Not stated,Business/property security,Owner-managed businesses with £5m+ annual revenue; six months bank statements required,,Middle-market secured lending; decision targeted within 48 hours; funding typically within 7 to 14 days,proposals@capify.co.uk
03/08/2026,Yes,Credit 4,Revolving Credit Facility,Unsecured,Fexible Funding Facility,"£15,000","£30,000",3,12,2.50%,,,5% arr fee;,5.00%,6,"£100,000",Yes,No,No,Yes,Yes,3 x loan in PG Coverage; PGs,,,,brokers@credit4.co.uk
03/08/2026,Yes,Credit 4,Term Loan,Unsecured,Dual Growth Funding,"£30,000","£150,000",12,36,2.00%,,,5% arr fee;,5.00%,6,"£100,000",Yes,No,No,Yes,Yes,3 x loan in PG Coverage; PGs,,,Hybrid facility combining term loan and interest only funding line,brokers@credit4.co.uk
03/08/2026,Yes,Credit 4,Term Loan,Secured,Secured Business Funding,"£75,000","£250,000",12,60,1.50%,,,5% arr fee;,5.00%,6,"£100,000",Yes,No,No,Yes,Yes,1st or 2nd charger; max c.80% LTV; PGs,80% LTV; First or seond charge only; security property must be personally owned; ,,,brokers@credit4.co.uk
29/07/2026,Yes,Cubefunder,Term Loan,Unsecured,Non-Homeowner,"£5,000","£30,000",3,12,4.00%,,,£395 arr fee upto £15k loan or; 3% arr fee > £15k loan,10.00%,3,"£4,000",Yes,No,No,Yes,No,Debenture (can sit 2nd); ILA; Poss cross corp guarantee,Ltd companies; Eng & Wales only; English speaking; Customer visit req'd; funding 48 hours,Mid adverse ok,Daily or weekly repayments; Early settlement after 50% of loan term,Cubefunder | Broker-Portal
29/07/2026,Yes,Cubefunder,Term Loan,Unsecured,Homeowner,"£10,000","£100,000",3,18,3.75%,,,£395 arr fee upto £15k loan or; 3% arr fee > £15k loan,10.00%,3,"£10,000",Yes,No,No,Yes,Yes,Debenture (can sit 2nd); Property restrisction; ILA; Poss cross corp guarantee,Ltd companies; Eng & Wales only; English speaking; Customer visit req'd; funding 48 hours,Mid adverse ok,Daily or weekly repayments; Early settlement after 50% of loan term,Cubefunder | Broker-Portal
29/07/2026,Yes,Cubefunder,Term Loan,Unsecured,Homeowner,"£15,000","£100,000",18,24,3.50%,,,£395 arr fee upto £15k loan or; 3% arr fee > £15k loan,10.00%,3,"£10,000",Yes,No,No,Yes,Yes,Debenture (can sit 2nd); Property restrisction; ILA; Poss cross corp guarantee,Ltd companies; Eng & Wales only; English speaking; Customer visit req'd; funding 48 hours,Mid adverse ok,Daily or weekly repayments; Early settlement after 50% of loan term,Cubefunder | Broker-Portal
,No,Elect Capital,Term Loan,Unsecured,,"£5,000","£1,000,000",0,8,4.38%,,"FR 1,35 to 1,5",,,12,"£25,000",,,No,Yes,No,Debenture required for offers over £75k,Minimum £25k monthly revenue with lending repayment history; minimum £600 daily balance; clear commercial loan purpose required; directors must back the deal; refinancing available after 45% of the loan is repaid; early settlement discount 10% after 30 days or 5% after 60 days,older credit blips accepted where not recent or dishonest,"Short-term funding with daily or weekly repayments; terms targeted within 4 hours; funding targeted within 24 hours; flexible structures for cash flow, expansion or business opportunities",brokers@electcapital.com
,No,First Enterprise,Term Loan,Unsecured,,"£25,001","£150,000",0,60,1.40%,1.40%,,3.5% arr fee,,6,£0,,,No,Yes,No,Debenture where necessary,"Midlands Engine Investment Fund; funds can be used for asset purchase, working capital, marketing, staff salaries and MBOs; refinancing existing debt not accepted; relationship-led appraisal with flexible criteria",,No early repayment or overpayment penalties; lender aims to provide appetite and outline terms within 48 hours where possible,saddo@first-enterprise.co.uk
,No,First Enterprise,Term Loan,Unsecured,Term Loan,"£25,001","£250,000",0,60,1.40%,1.40%,,3.5% arr fee,,6,£0,,,No,Yes,No,Debenture where necessary,"Growth Guarantee Scheme; funds can be used for asset purchase, working capital, marketing, staff salaries and MBOs; refinancing existing debt accepted; relationship-led appraisal with flexible criteria",,No early repayment or overpayment penalties; lender aims to provide appetite and outline terms within 48 hours where possible,saddo@first-enterprise.co.uk
,Yes,Fleximize,Term Loan,Unsecured,Term Loan,"£10,000","£250,000",12,60,0.90%,2.90%,,,,12,£0,,,No,Yes,Yes,,Loan amount must not exceed 2x monthly revenue,,No early repayment charges; interest charged only for the period the loan is active; monthly repayments,https://partners.fleximize.com/login
,Yes,Fleximize,Term Loan,Unsecured,Term Loan,"£10,000","£500,000",3,12,1.90%,3.90%,,,,6,£0,,,No,Yes,Yes,,Loan amount must not exceed 2x monthly revenue,,No early repayment charges; interest charged only for the period the loan is active; monthly repayments,https://partners.fleximize.com/login
,Yes,Fleximize,Term Loan,Secured,Term Loan,"£10,000","£500,000",12,60,0.90%,2.90%,,,,12,£0,,,No,Yes,Yes,Equitable charge over property,Loan amount must not exceed 2x monthly revenue,,No early repayment charges; interest charged only for the period the loan is active; monthly repayments,https://partners.fleximize.com/login
,Yes,Fleximize,Term Loan,Secured,Term Loan,"£10,000","£500,000",3,12,1.90%,3.90%,,,,6,£0,,,No,Yes,Yes,Equitable charge over property,Loan amount must not exceed 2x monthly revenue,,No early repayment charges; interest charged only for the period the loan is active; monthly repayments,https://partners.fleximize.com/login
,No,Funding Alternative,Invoice Finance,Unsecured,,"£10,000","£300,000",0,0,,,,Prepayment fee typically 3% to 3.95% for first 3 weeks of funding,,0,£0,,,No,Yes,Case-by-case,Valid assignment of invoices; debenture charge may be required,Pricing is not monthly interest; weekly discount fee of 0.75% to 1.5% of invoice value after initial 3 weeks charged per week or part week; strong audit trail required,,Selective invoice finance; client can pick specific invoices without selling whole debtor book; advance rate up to 90% of invoice value depending on invoice size and debtor creditworthiness; no contractual tie-in; can fund high concentrations including single debtor ledgers; supports export funding and new starts; can consider clients declined elsewhere where trade and invoice process are understood,applications@fundingalternative.co.uk
,No,Funding Alternative,Merchant Cash Advance,Unsecured,,"£5,000","£250,000",3,9,,,FR from 1.35,2.5% arr fee,,6,"£5,000",,,No,Yes,No,Debenture may be required in exceptional circumstances,Pricing is not monthly interest; min monthly turnover field refers to card sales; clear use of funds required; Open Banking access required to all trading accounts,,Pricing is not monthly interest; min monthly turnover field refers to card sales; clear use of funds required; Open Banking access required to all trading accounts,applications@fundingalternative.co.uk
,No,Funding Alternative,Term Loan,Unsecured,,"£10,000","£250,000",0,9,,,FR from 1.2 to 1.6,2.5% arr fee,,6,£0,,,No,Yes,No,Debenture may be required in exceptional circumstances,Pricing is not monthly interest; limited companies only; clear use of funds required; Open Banking access required to all business related bank accounts,,Pre-approval typically within 24 hours; fixed daily or weekly repayments available; variable repayments based on business cash receipts available; early repayment discount factor available on full repayment before maturity,applications@fundingalternative.co.uk
,Yes,Funding Circle,Revolving Credit Facility,Unsecured,Revolving Credit Facility,£100,"£250,000",1,12,,,,,,12,£0,,,No,Yes,No,Debenture may be offered if required, repayment over 1or 3 or 6 or 9 or 12 instalments; 0% interest with a dynamic fee per transaction; no minimum card spend; cannot apply through broker portal where client has active Funding Circle debt,,"Pay suppliers by card, cash transfer or direct to business bank account; credit refreshes as balances are repaid",https://www.fundingcircle.com/uk/auth/login?client_id=5c4a9jl1iar89wigrejkt17j51iwdrt&redirect_uri=https%3A%2F%2Fwww.fundingcircle.com%2Fauth%2Ffunding_circle_oauth2%2Fcallback&response_type=code&state=874eb3addffc8d914f2ebe444839d3287cc130fcd05b7448
,Yes,Funding Circle,Term Loan,Unsecured,Term Loan,"£10,000","£100,000",24,72,0.58%,1.81%,,,,12,£0,,,No,Yes,No,Debenture may be offered instead of PG,Core Business Loan; no previous Funding Circle borrowing; latest full accounts may be required; max lend subject to gross turnover cap and total Funding Circle exposure including related businesses,non-homeowner cap is normally £50k but can be up to £100k depending on risk band,Instant decision route may be available; no early settlement or overpayment fees; funds typically within 48 hours,https://www.fundingcircle.com/uk/auth/login?client_id=5c4a9jl1iar89wigrejkt17j51iwdrt&redirect_uri=https%3A%2F%2Fwww.fundingcircle.com%2Fauth%2Ffunding_circle_oauth2%2Fcallback&response_type=code&state=874eb3addffc8d914f2ebe444839d3287cc130fcd05b7448
,Yes,Funding Circle,Term Loan,Unsecured,Term Loan,"£10,000","£750,000",24,72,0.58%,1.81%,,,,12,£0,,,No,Yes,Yes,Debenture may be offered instead of PG,Core Business Loan; affordability; turnover cap and total Funding Circle exposure including related businesses,maximum lend subject to risk band; risk band turnover caps range from 30% to 60% of gross annual turnover,Higher loan availability versus non-homeowner route,https://www.fundingcircle.com/uk/auth/login?client_id=5c4a9jl1iar89wigrejkt17j51iwdrt&redirect_uri=https%3A%2F%2Fwww.fundingcircle.com%2Fauth%2Ffunding_circle_oauth2%2Fcallback&response_type=code&state=874eb3addffc8d914f2ebe444839d3287cc130fcd05b7448
,Yes,Funding Circle,Term Loan,Unsecured,Term Loan,"£10,000","£100,000",6,24,2.00%,5.80%,,,,12,£0,,,No,Yes,No,Debenture may be offered instead of PG,Short Term Loan; fixed terms of 6 or 12 or 24 months only; available to new or existing Funding Circle customers; 1 year filed accounts required,non-homeowner cap is normally £50k but can be up to £100k depending on risk band,"Short-term funding for cash flow, bills, invoices or opportunities; interest charged daily",https://www.fundingcircle.com/uk/auth/login?client_id=5c4a9jl1iar89wigrejkt17j51iwdrt&redirect_uri=https%3A%2F%2Fwww.fundingcircle.com%2Fauth%2Ffunding_circle_oauth2%2Fcallback&response_type=code&state=874eb3addffc8d914f2ebe444839d3287cc130fcd05b7448
,Yes,Funding Circle,Term Loan,Unsecured,Term Loan,"£10,000","£250,000",6,24,2.00%,5.80%,,,,12,£0,,,No,Yes,Yes,Debenture may be offered instead of PG,Short Term Loan; fixed terms of 6 or 12 or 24 months only; available to new or existing Funding Circle customers; 1 year filed accounts required,,"No Funding Circle completion fee on 6 and 12 month loans; short-term funding for cash flow, bills, invoices or opportunities",https://www.fundingcircle.com/uk/auth/login?client_id=5c4a9jl1iar89wigrejkt17j51iwdrt&redirect_uri=https%3A%2F%2Fwww.fundingcircle.com%2Fauth%2Ffunding_circle_oauth2%2Fcallback&response_type=code&state=874eb3addffc8d914f2ebe444839d3287cc130fcd05b7448
,Yes,Funding Circle,Term Loan,Unsecured,Term Loan,"£10,000","£50,000",24,72,1.12%,,,,,12,£0,,,No,Yes,No,,Growth Guarantee Scheme; non-homeowner cap set at £50k unless Funding Circle confirms higher; lending up to 60% of gross annual turnover,,Government-backed scheme route; useful where standard commercial terms may not be available,https://www.fundingcircle.com/uk/auth/login?client_id=5c4a9jl1iar89wigrejkt17j51iwdrt&redirect_uri=https%3A%2F%2Fwww.fundingcircle.com%2Fauth%2Ffunding_circle_oauth2%2Fcallback&response_type=code&state=874eb3addffc8d914f2ebe444839d3287cc130fcd05b7448
,Yes,Funding Circle,Term Loan,Unsecured,Term Loan,"£10,000","£250,000",24,72,1.12%,,,,,12,£0,,,No,Yes,Yes,,Growth Guarantee Scheme; lending up to 60% of gross annual turnover,,Government-backed scheme route; higher loan availability versus non-homeowner GGS route,https://www.fundingcircle.com/uk/auth/login?client_id=5c4a9jl1iar89wigrejkt17j51iwdrt&redirect_uri=https%3A%2F%2Fwww.fundingcircle.com%2Fauth%2Ffunding_circle_oauth2%2Fcallback&response_type=code&state=874eb3addffc8d914f2ebe444839d3287cc130fcd05b7448
,Yes,Got Capital,Term Loan,Unsecured,,"£2,000","£200,000",4,7,,,,,,3,"£7,000",,,No,No,No,,Larger amounts considered case-by-case; monthly sales requirement normally £7k to £10k depending on case; funding based on business health and sales revenue; solicitors and brokers excluded,"adverse credit, previous liquidations, CCJs and IVAs can be considered",Approval typically within 1 to 24 hours; same-day funding available; fixed repayment fee using factor rate; daily or weekly repayments available,
,No,IM Capital,Bridging,Secured,Bridging,"£1,000,000","£35,000,000",0,60,,,,,,0,£0,,,No,Case-by-case,Yes,Property security; legal charge and debenture case-by-case,Short and medium term Real Estate Finance; loans secured by commercial and residential property assets; acquisitions and refinance accepted; UK property assets preferred; simple and complex structures considered; non-residents and overseas-owned companies considered; experienced property investors preferred; up to 70% LTV; additional security can be considered as borrower contribution,,Principal lender; flexible term and pricing; loan structured around borrower requirements; suitable for residential and commercial property acquisition or refinance,mark@imcapital.co.uk
,No,IM Capital,Bridging,Secured,Bridging,"£3,000,000","£35,000,000",0,60,,,,,,0,£0,,,No,Case-by-case,Yes,Currently owned income-generating property security,Hunting Fund; secured on currently owned income-generating property; up to 70% LTV; no requirement for security over property being purchased; newly acquired property can be added to the security pot; tranche drawdowns available,,Speed-focused acquisition funding; allows property investors to acquire quickly without usual lender due diligence on the new property at acquisition stage; terms up to 5 years available,mark@imcapital.co.uk
,No,IM Capital,Term Loan,Secured,Term Loan,"£3,000,000","£35,000,000",0,60,,,,,,0,£0,,,No,Case-by-case,Yes,Operational property security; owner-occupied or OpCo/PropCo property structure; additional security can be considered for higher LTV,"Loans to Trading Businesses; refinance or purchase of new property accepted; UK based property assets required; up to 70% LTV; hotels, care homes, manufacturing and other trading sectors considered; owner-occupied and OpCo/PropCo structures accepted",,Suitable for trading businesses with operational property assets; can support property purchase or refinance; terms up to 5 years available,mark@imcapital.co.uk
,Yes,IWOCA,Term Loan,Unsecured,Term Loan,"£1,000","£1,000,000",12,12,1.59%,5.00%,,,5.00%,12,"£5,000",,,No,Yes,No,,,,IInstant decisions available up to £100k; no early repayment charges,https://www.iwoca.co.uk/introducer/portal
,Yes,IWOCA,Term Loan,Unsecured,Term Loan,"£1,000","£1,000,000",15,15,1.59%,5.00%,,,5.00%,12,"£5,000",,,No,Yes,No,,,,IInstant decisions available up to £100k; no early repayment charges; 3 months interest only followed by 12 monthly repayments,https://www.iwoca.co.uk/introducer/portal
,Yes,IWOCA,Term Loan,Unsecured,Term Loan,"£1,000","£1,000,000",24,24,1.50%,5.00%,,,5.00%,12,"£5,000",,,No,Yes,No,,typically 5%,,IInstant decisions available up to £100k; no early repayment charges,https://www.iwoca.co.uk/introducer/portal
,Yes,IWOCA,Term Loan,Unsecured,Term Loan,"£1,000","£1,000,000",36,60,1.50%,5.00%,,,5.00%,12,"£5,000",,,No,Yes,No,,typically 6%,,Instant decisions available up to £100k; no early repayment charges,https://www.iwoca.co.uk/introducer/portal
13/07/2026,Yes,Juice,Revolving Credit Facility,Unsecured,Capital Credit Line,"£50,000","£1,000,000",,,1.10%,2.60%,,6% arr fee,Up to 4%,12,"£20,000",No,No,No,No,No,Debenture ; PGs may be required,"Profitable in the last 12 months; in positive cash postion (min £5,000)",Light advers ok,Revolving Facility;  Max term 24 month = Capital & Interest; Max term 6 months - Interest Only; Early repayments allowed at no cost,https://next.getmejuice.com/partner/client-details
,Yes,Lending Crowd,Term Loan,Unsecured,,"£75,000","£350,000",6,60,,,,,,24,"£8,334",,,No,Yes,Not stated,,Limited Company and LLP owner-occupiers only; turnover must be over £100k; more than one key employee required; existing debt including HP but excluding leasing taken into affordability; refinancing existing debt can be considered,"risk bands A+ to C+; no active CCJs over £1,500; no failed business in last 2 years; PG asset coverage must be at least 50% of loan and may be higher depending on risk band","Fixed monthly capital and interest repayments; no early repayment charges; overpayments of at least £5k available; can support cash flow, working capital, expansion, stock purchase, debt restructuring, marketing, equipment purchase, acquisition funding and management buyouts",https://brokers.lendingcrowd.com/login
,Yes,Lending Crowd,Term Loan,Secured,,"£350,001","£500,000",6,60,,,,,,24,"£8,334",,,No,Yes,Case-by-case,Charge or asset security required,Limited Company and LLP owner-occupiers only; turnover must be over £100k; more than one key employee required; existing debt including HP but excluding leasing taken into affordability; refinancing existing debt can be considered; bilateral guarantees from associated companies may be requested,"risk bands A+ to C+; no active CCJs over £1,500; no failed business in last 2 years","Fixed monthly capital and interest repayments; no early repayment charges; overpayments of at least £5k available; can support cash flow, working capital, expansion, stock purchase, debt restructuring, marketing, equipment purchase, acquisition funding and management buyouts",https://brokers.lendingcrowd.com/login
13/07/2026,Yes,Liberty Finance,Term Loan,Secured,Term Loan,"£40,000","£250,000",12,60,1.25%,,,1% admin fee - min £500,5.00%,0,£0,Yes,Yes,No,Yes,Yes,70% LTV; 1st or 2nd charge on Commercial or residential property ,,No issue considering adverse credit; Require explanations and proof of how it has / is being handled,,proposals@libertyfinance.co.uk
,No,Little Business Loans,Term Loan,Secured,,"£3,000","£20,000",1,12,3.00%,,,,,6,"£5,000",,,No,Yes,No,Non-fixed business assets; such as vehicles; stock; machinery or office equipment,Ltd companies only,,Manual underwriting; flexible daily; weekly or monthly repayments,frank@littlebusinessloans.com
,Yes,Max Cap,Term Loan,Unsecured,,"£10,000","£100,000",6,12,,,,,,12,"£15,000",,,No,Yes,No,,Good end of day balances; No more than 3 existing lenders,,Weekly or Monthly Payments; Happy to lend with existing Debenture,https://brokerportal.maxcap.co.uk/BrokerLogin.php
,Yes,Max Cap,Term Loan,Unsecured,,"£100,001","£250,000",6,12,,,,,,12,"£15,000",,,No,Yes,Yes,,Good end of day balances; No more than 3 existing lenders,,Weekly or Monthly Payments; Happy to lend with existing Debenture,https://brokerportal.maxcap.co.uk/BrokerLogin.php
,Yes,Momenta Finance,Bridging,Secured,,"£200,000","£5,000,000",3,24,0.80%,,,,,0,£0,,,No,Case-by-case,Not stated,1st or 2nd charge property security; Primary residence excluded,Borrower can be Limited Company; partnership; LLP or sole proprietor; borrower must be UK domiciled; proven track record in similar UK property transactions required; clear exit required via sale or refinance; leverage up to 75% gross LTV or LTGDV; primary residence cannot be used as collateral; interest can be rolled up subject to LTV limits or serviced monthly where rental income exists; typical fees 2% upfront and 1% exit,,"Suitable for property purchases, equity release, light refurbishment, development exit and ground-up development where planning is in place; preliminary decision within 24 hours; credit-backed offer within 72 hours",https://merchantmoney.my.site.com/login?ec=302&startURL=%2Fs%2Fapplication-submission
,Yes,Momenta Finance,Term Loan,Unsecured,,"£50,000","£500,000",6,84,0.56%,,,,,60,"£41,667",,,No,Yes,Yes,,Tier 1 product; UK registered Limited Companies and LLPs only; company must generate more than 50% of income from trading activity; latest accounts should be profitable and balance sheet solvent; at least one PSC homeowner required up to £350k; two homeowners required from £350k to £500k; facility must support trading primarily in the UK; pricing is variable and linked to SONIA,any CCJs must be settled or in process of being settled,"No early repayment or overpayment fees; interest-only period up to 12 months may be available; suitable for working capital, expansion, refinance, assets, machinery, staffing, training and marketing",https://merchantmoney.my.site.com/login?ec=302&startURL=%2Fs%2Fapplication-submission
,Yes,Momenta Finance,Term Loan,Unsecured,,"£50,000","£500,000",6,72,0.93%,,,,,24,"£29,167",,,No,Yes,Yes,,Tier 2 product; UK registered Limited Companies and LLPs only; company must generate more than 50% of income from trading activity; latest accounts should be profitable and balance sheet solvent; at least one PSC homeowner required up to £350k; two homeowners required from £350k to £500k; facility must support trading primarily in the UK; pricing is variable and linked to SONIA,any CCJs must be settled or in process of being settled,"No early repayment or overpayment fees; interest-only period up to 12 months may be available; suitable for working capital, expansion, refinance, assets, machinery, staffing, training and marketing",https://merchantmoney.my.site.com/login?ec=302&startURL=%2Fs%2Fapplication-submission
,Yes,Momenta Finance,Term Loan,Secured,,"£50,000","£1,500,000",6,84,0.56%,,,,,60,"£41,667",,,No,Yes,Yes,1st or 2nd charge property security; Primary residence excluded,Tier 1 product; UK registered Limited Companies and LLPs only; company must generate more than 50% of income from trading activity; latest accounts should be profitable and balance sheet solvent; residential and mixed-use properties acceptable up to 75% LTV; commercial properties acceptable up to 65% LTV; primary residence cannot be taken as security; pricing is variable and linked to SONIA,any CCJs must be settled or in process of being settled,No early repayment or overpayment fees; interest-only period up to 12 months may be available,https://merchantmoney.my.site.com/login?ec=302&startURL=%2Fs%2Fapplication-submission
,Yes,Momenta Finance,Term Loan,Secured,,"£50,000","£1,500,000",6,72,0.93%,,,,,24,"£29,167",,,No,Yes,Yes,1st or 2nd charge property security; Primary residence excluded,Tier 2 product; UK registered Limited Companies and LLPs only; Company must generate more than 50% of income from trading activity; latest accounts should be profitable and balance sheet solvent; residential and mixed-use properties acceptable up to 75% LTV; commercial properties acceptable up to 65% LTV; primary residence cannot be taken as security; Pricing is variable and linked to SONIA,any CCJs must be settled or in process of being settled,No early repayment or overpayment fees; interest-only period up to 12 months may be available,https://merchantmoney.my.site.com/login?ec=302&startURL=%2Fs%2Fapplication-submission
,Yes,Momenta Finance,Term Loan,Unsecured,,"£50,000","£350,000",6,72,1.25%,,,,,24,"£29,167",,,No,Yes,Yes,,"GGS; UK trading activity required; turnover up to £45m on group basis; viable business proposition required; facility must support trading in the UK; previous CBILS, BBLS or RLS may reduce amount available",borrower must not be a business in difficulty or subject to relevant insolvency proceedings,GGS-backed unsecured route; interest-only period up to 12 months may be available,https://merchantmoney.my.site.com/login?ec=302&startURL=%2Fs%2Fapplication-submission
,Yes,Momenta Finance,Term Loan,Secured,,"£50,000","£1,500,000",6,72,1.25%,,,,,24,"£29,167",,,No,Yes,Yes,1st or 2nd charge property security; Primary residence excluded,"GGS; UK trading activity required; turnover up to £45m on group basis; viable business proposition required; facility must support trading in the UK; previous CBILS, BBLS or RLS may reduce amount available",borrower must not be a business in difficulty or subject to relevant insolvency proceedings,GGS-backed secured route; interest-only period up to 12 months may be available; higher loan availability than unsecured GGS route,https://merchantmoney.my.site.com/login?ec=302&startURL=%2Fs%2Fapplication-submission
,Yes,MT Finance,Bridging,Secured,,"£50,000","£10,000,000",1,24,0.89%,0.99%,,,1.00%,0,£0,,,No,No,Yes,1st and 2nd charge residential property security,"Non-regulated residential bridging only; loans below £125k subject to minimum interest rate of 1.05% per month; up to 70% LTV first charge; up to 65% LTV second charge; retained, part-retained and serviced interest options available; second charge on client’s main residence must be for business purposes only",,"can support property purchase, capital raise, light refurbishment, heavy refurbishment, BMV purchases, time-sensitive transactions, auction purchases, gifted deposits and tax bills",https://oms-mt-finance.azurewebsites.net/Account/Login?ReturnUrl=%2f
,Yes,MT Finance,Bridging,Secured,,"£50,000","£2,500,000",1,12,0.95%,0.99%,,"2 % facility Fee - minimum £2,000; £879 admin fee",,0,£0,,,No,No,Yes,1st and 2nd charge residential property security,Regulated bridging; loans subject to retained interest only; loans below £125k subject to minimum interest rate of 1.05% per month; up to 70% LTV first charge; up to 65% LTV second charge; borrowers aged 21 to 85 accepted; expats accepted; ICLs and arrears considered; first-time landlords accepted,,"can support property purchase, capital raise, light refurbishment, heavy refurbishment, BMV purchases, time-sensitive transactions, auction purchases, gifted deposits and tax bills",https://oms-mt-finance.azurewebsites.net/Account/Login?ReturnUrl=%2f
,Yes,Multifi,Term Loan,Unsecured,,"£10,000","£350,000",3,9,1.99%,5.25%,,,,12,"£100,000",,,No,Yes,No,,,,Revolving Credit Facility,
,Yes,My Cashline,Term Loan,Unsecured,,"£10,000","£25,000",3,24,3.00%,3.50%,,,,12,"£20,000",,,No,Yes,No,,Minimum £3k daily average bank balance; can consider strong D-rated companies; construction requires over 2 years trading; limited returned Direct Debits; overdraft utilisation below 80%; stable financials with flat or positive year-on-year trends; ideally 3 or more income sources,C+ rated on CreditSafe; company CCJs must be less than £500; clean personal credit with no defaults and maximum £500 CCJs,Same-day funding may be available; turnaround can be as little as 1 hour; no early repayment fees; flexible top-ups and drawdowns,brokers@mclfinance.com
,Yes,My Cashline,Term Loan,Unsecured,,"£25,001","£250,000",3,24,3.00%,3.50%,,,,12,"£20,000",,,No,Yes,yes,,Minimum £3k daily average bank balance; can consider strong D-rated companies; construction requires over 2 years trading; limited returned Direct Debits; overdraft utilisation below 80%; stable financials with flat or positive year-on-year trends; ideally 3 or more income sources,C+ rated on CreditSafe; company CCJs must be less than £500; clean personal credit with no defaults and maximum £500 CCJs,Decision in under 6 hours; same-day funding available; turnaround can be as little as 1 hour; no early repayment fees; flexible top-ups and drawdowns,brokers@mclfinance.com
,Yes,Nationwide Finance,Term Loan,Secured,,"£10,000","£500,000",12,60,,,,,,0,"£4,167",,,No,Case-by-case,Yes,"1st, 2nd or UN1 charge over property; third-party guarantor security accepted; Asset security and debentures may be required case-by-case","Secured Corporate Loans, Asset Finance and Refinance Agreements; Limited Companies, Sole Traders, Partnerships, PLCs, LLPs and SPVs considered; all industries and sectors considered; must own property in England or Wales including BTL or commercial property; minimum business turnover £50k; new starts considered with supporting background, investment and experience information; loss-making in last year can be accepted where there is a planned strategy to rectify; deals declined by other lenders can be considered",no hard credit searches,"Direct funder with flexible underwriting; no age restrictions; no full valuation or survey, internal or desktop valuations used; deals paid in 2 to 5 working days once documents are signed; early settlement available with 10% discount on outstanding interest",karl.kmiotek@nationwidefinance.co.uk
,Yes,Nucleus,Term Loan,Unsecured,,"£10,000","£350,000",3,24,1.99%,2.49%,,,,12,£0,,,No,Yes,Yes,Debenture required above £100k,NBL Short; at least 1 filed account at Companies House required; Open Banking essential; max lend 25% of annual turnover; legal/law and care homes restricted,loss-making or insolvent cases can be considered,Monthly repayments; early settlement available by paying capital plus next month’s interest; suitable where the client meets standard NBL criteria,https://www.myfundingportal.co.uk/mynucleus
,Yes,Nucleus,Term Loan,Unsecured,,"£25,000","£500,000",25,60,1.21%,,,,,24,£0,,,No,Yes,Yes,Debenture required above £100k,NBL Medium; at least 1 filed account at Companies House required; Open Banking essential; max lend 25% of annual turnover; legal/law and care homes restricted; construction and used car sales only considered for strong companies,loss-making or insolvent cases can be considered where MI is positive,"Monthly repayments; early settlement available by paying capital plus next month’s interest; longer-term NBL option with annual pricing from 14,5%",https://www.myfundingportal.co.uk/mynucleus
,Yes,Nucleus,Term Loan,Unsecured,,"£5,000","£250,000",24,48,3.89%,3.89%,,,,0,£0,,,No,Yes,Yes,Debenture required above £100k,Enable; higher-risk lending option offered where NBL criteria are not met; Open Banking essential; terms based on business assessment; offer terms cannot be changed once approved; strict offer validity and timelines apply; legal/law and care homes restricted,,Higher-risk alternative where standard NBL is not approved; monthly repayments; early settlement available by paying remaining balance plus next month’s interest,https://www.myfundingportal.co.uk/mynucleus
13/07/2026,Yes,One Stop Business Finance,Bridging,Secured,Bridging,"£100,000","£250,000",0,18,1.80%,,,4% arr fee; 1% exit fee below 65%; 1.5% exit fee above 65% LTV;,1.00%,0,£0,Yes,Yes,No,Case-by-case,Not stated,Property-backed security, 75% LTV,"adverse credit considered including CCJs, bankruptcy, winding-up petitions, previous repossessions, IVAs, DMPs and mortgage arrears",,Liam@osbf.co.uk
13/07/2026,Yes,One Stop Business Finance,Bridging,Secured,Bridging,"£250,000","£3,000,000",0,18,1.65%,,,4% arr fee; 1% exit fee below 65%; 1.5% exit fee above 65% LTV;,1.00%,0,£0,Yes,Yes,No,Case-by-case,Not stated,Property-backed security, 75% LTV,"adverse credit considered including CCJs, bankruptcy, winding-up petitions, previous repossessions, IVAs, DMPs and mortgage arrears",,Liam@osbf.co.uk
13/07/2026,Yes,One Stop Business Finance,Revolving Credit Facility,Secured,Revolving Credit Facility,"£100,000","£250,000",0,18,2.00%,,,4% arr fee; 1% exit fee below 65%; 1.5% exit fee above 65% LTV;,1.00%,0,£0,Yes,Yes,No,Case-by-case,Not stated,Property-backed security, 75% LTV,"adverse credit considered including CCJs, bankruptcy, winding-up petitions, previous repossessions, IVAs, DMPs and mortgage arrears",,Liam@osbf.co.uk
13/07/2026,Yes,One Stop Business Finance,Revolving Credit Facility,Secured,Revolving Credit Facility,"£250,000","£3,000,000",0,18,1.80%,,,4% arr fee; 1% exit fee below 65%; 1.5% exit fee above 65% LTV;,1.00%,0,£0,Yes,Yes,No,Case-by-case,Not stated,Property-backed security, 75% LTV,"adverse credit considered including CCJs, bankruptcy, winding-up petitions, previous repossessions, IVAs, DMPs and mortgage arrears",,Liam@osbf.co.uk
,Yes,Outfund,Term Loan,Unsecured,,"£10,000","£300,000",1,12,,,FR from 1.2,5% arr fee,,12,"£20,833",,,No,No,No,Optional PG for fee reduction,Higher exposure may be possible by working alongside other lenders; client does not need to be profitable; debt consolidation accepted; no overpayments; clients must have a website; director must live in same country as business registration; stronger appetite for Ecommerce and SaaS; limited appetite for construction and project based businesses; avoids high risk sectors such as crypto,Soft credit search,fixed risk-based fee agreed at the start; total repayment does not change; top-up may be available once 50% of facility has been repaid,https://portal.goviceversa.com/viceversa/login
14/07/2026,Yes,Playter,Invoice Finance,Unsecured,Playter Pay - IF Facility,"£30,000","£500,000",2,12,,,FR from 1.08 to% to 1.2%  depending on repayment term,,up to 8%,12,"£20,833",No,No,No,Yes,Case-by-case,PGs; Corporate guarantee may apply,Credit lines up to £500k; Break invoices up into payments from 2 to 12 instalments,No insolvency or disqualification history within 3 to 5 years; No active CCJs above 0.1% of turnover; No active third party default of £250 or more except utilities and telecoms excluded; No company liquidation event within last 3 years,"A revolving facility to pay supplier invoices and HMRC 
obligations; Draw and repay and redraw within the approved 
limit.",https://auth.playter.co/u/login?state=hKFo2SA4cHZ4TXgtS3NOMDRCTlNUbVluWTdQUm9MQndjS3Z0Q6Fur3VuaXZlcnNhbC1sb2dpbqN0aWTZIFQ5QkthZzRleFgzaWczdkNDMDZRcFIyTUlPT2U1amdlo2NpZNkgb1VEd01FVVNxRjdQNTdBOWxFR0Y5WldlQ2pEdWlJaHc
14/07/2026,Yes,Playter,Term Loan,Unsecured,Term Loan,"£30,000","£500,000",3,60,0.83%,4.50%,,2% arr fee,up to 8%,12,"£20,833",No,No,No,Yes,Yes,PGs; Corporate guarantee may apply,,No insolvency or disqualification history within 3 to 5 years; No active CCJs above 0.1% of turnover; No active third party default of £250 or more except utilities and telecoms excluded; No company liquidation event within last 3 years,,https://auth.playter.co/u/login?state=hKFo2SA4cHZ4TXgtS3NOMDRCTlNUbVluWTdQUm9MQndjS3Z0Q6Fur3VuaXZlcnNhbC1sb2dpbqN0aWTZIFQ5QkthZzRleFgzaWczdkNDMDZRcFIyTUlPT2U1amdlo2NpZNkgb1VEd01FVVNxRjdQNTdBOWxFR0Y5WldlQ2pEdWlJaHc
14/07/2026,Yes,Playter,Term Loan,Unsecured,Term Loan,"£30,000","£100,000",3,24,0.83%,4.50%,,2% arr fee,up to 8%,12,"£20,833",No,No,No,Yes,No,PGs; Corporate guarantee may apply,,No insolvency or disqualification history within 3 to 5 years; No active CCJs above 0.1% of turnover; No active third party default of £250 or more except utilities and telecoms excluded; No company liquidation event within last 3 years,,https://auth.playter.co/u/login?state=hKFo2SA4cHZ4TXgtS3NOMDRCTlNUbVluWTdQUm9MQndjS3Z0Q6Fur3VuaXZlcnNhbC1sb2dpbqN0aWTZIFQ5QkthZzRleFgzaWczdkNDMDZRcFIyTUlPT2U1amdlo2NpZNkgb1VEd01FVVNxRjdQNTdBOWxFR0Y5WldlQ2pEdWlJaHc
13/07/2026,Yes,Reward Funding,Revolving Credit Facility,Secured,Revolving Credit Facility,"£100,000","£749,999",3,12,1.25%,,,3% arr fee; ~£3k Reward Legal Fees; £1% reneral fee / exit fee,1.50% (50% of arrangeemnt fee),0,£0,Yes,Yes,No,Yes,No,"70% LTV Residential & Owner-Occupied; 80% LTV - BTL / Investment; 70% LTV Commercial & Semi-Commercial; 60% LTV Land with or without planning; Business debenture; Other Assets e.g. Plant & Machinery, Construction & Agricultural Equipment, Engineering Assets, HGVs, Specialist Vehicles, Buses & Coaches ",Reward proposal form required; Rewrd ALIE,,Pay only on drawn funds; No Non-Utilisation Fees;  Ability to renew at end of the term; Use of on/off balance sheet assets,Scott.Swinden@rewardfunding.co.uk
13/07/2026,Yes,Reward Funding,Revolving Credit Facility,Secured,Revolving Credit Facility,"£750,000","£1,249,999",3,24,1.10%,,,3% arr fee; ~£3k Reward Legal Fees; £1% reneral fee / exit fee,1.50% (50% of arrangeemnt fee),0,£0,Yes,Yes,No,Yes,No,"70% LTV Residential & Owner-Occupied; 80% LTV - BTL / Investment; 70% LTV Commercial & Semi-Commercial; 60% LTV Land with or without planning; Business debenture; Other Assets e.g. Plant & Machinery, Construction & Agricultural Equipment, Engineering Assets, HGVs, Specialist Vehicles, Buses & Coaches ",Reward proposal form required; Rewrd ALIE,,Pay only on drawn funds; No Non-Utilisation Fees;  Ability to renew at end of the term; Use of on/off balance sheet assets,Scott.Swinden@rewardfunding.co.uk
13/07/2026,Yes,Reward Funding,Revolving Credit Facility,Secured,Revolving Credit Facility,"£1,250,000","£5,000,000",3,24,0.99%,,,3% arr fee; ~£3k Reward Legal Fees; £1% reneral fee / exit fee,1.50% (50% of arrangeemnt fee),0,£0,Yes,Yes,No,Yes,No,"70% LTV Residential & Owner-Occupied; 80% LTV - BTL / Investment; 70% LTV Commercial & Semi-Commercial; 60% LTV Land with or without planning; Business debenture; Other Assets e.g. Plant & Machinery, Construction & Agricultural Equipment, Engineering Assets, HGVs, Specialist Vehicles, Buses & Coaches ",Reward proposal form required; Rewrd ALIE,,Pay only on drawn funds; No Non-Utilisation Fees;  Ability to renew at end of the term; Use of on/off balance sheet assets,Scott.Swinden@rewardfunding.co.uk
,No,Rivers Finance,Asset Finance,Unsecured,,"£5,000","£75,000",24,60,,,,document fee £200 plus VAT,Uup to 10%,6,,,,No,Yes,Yes,Asset security,Limited companies and LLPs only; business must be registered in England or Wales; trading company with 2 years filed accounts; minimum 6 months trading; finance lease and hire purchase available for all soft assets and some hard assets; director guarantee required from homeowner only; minimum Rivers yield 14%; early settlement is rentals outstanding less 3% discount,no CCJ on company or director credit record,Asset finance from £5k to £75k; available for soft assets and some hard assets; monthly repayments,Ian@riversleasing.com
,No,Rivers Finance,Asset Finance ,Unsecured,,"£5,000","£75,000",24,36,,,,document fee £200 plus VAT,Uup to 10%,6,,,,No,Yes,Yes,Asset security,Limited companies and LLPs only; business must be registered in England or Wales; new starts or businesses with less than 3 years filed accounts; minimum 6 months trading; maximum term 3 years for new starts; finance lease and hire purchase available for all soft assets and some hard assets; director guarantee required from homeowner only; minimum Rivers yield 17%; early settlement is rentals outstanding less 3% discount,no CCJ on company or director credit record,Asset finance for newer businesses from £5k to £75k; available for soft assets and some hard assets,Ian@riversleasing.com
,No,Rivers Finance,Term Loan,Unsecured,,"£10,000","£75,000",3,18,,,FR from 1.25,4% arr fee,Up to 8%,3,,,,No,Yes,Yes,,"Limited companies and LLPs only; business must be registered in England or Wales; minimum 3 months trading; client or acceptable third-party guarantor must be a UK homeowner and willing to give a personal guarantee; all business sectors considered; most lending purposes allowed including working capital, stock, refurbishment, expansion, marketing, additional staff, VAT, advertising and business growth; repayments every 14 days; existing facilities or charges with Nationwide Finance are a common decline reason; unpaid items over 8 are a common decline reason; active directorships or shareholdings with liquidated companies are a common decline reason",no unsatisfied CCJs permissible,"Fast short-term corporate loan; approvals and funding can be quick, with funding within 48 hours of successful application; no early repayment penalty; early settlement discount of 15% on remaining capital and interest repayments; renewals available once 50% of the original loan is repaid",Ian@riversleasing.com
,No,Rivers Finance,Term Loan,Unsecured ,,"£5,000","£75,000",24,60,,,,3% arr fee,Uup to 10%,6,,,,No,Yes,Yes,,Limited companies and LLPs only; business must be registered in England or Wales; trading company with 2 years filed accounts; minimum 6 months trading; director guarantee required from homeowner only; minimum Rivers yield 21%; early settlement is repayments outstanding less 3% discount; existing facilities or charges with Nationwide Finance are a common decline reason; unpaid items over 8 are a common decline reason,no CCJ on company or director credit record,Medium-term unsecured funding from £5k to £75k; monthly repayments; term up to 5 years for established trading companies; suitable where no additional property security is being taken,Ian@riversleasing.com
,No,Rivers Finance,Term Loan,Unsecured ,,"£5,000","£75,000",24,36,,,,3% arr fee,Uup to 10%,6,,,,No,Yes,Yes,,Limited companies and LLPs only; business must be registered in England or Wales; new starts or businesses with less than 3 years filed accounts; minimum 6 months trading; maximum term 3 years for new starts; director guarantee required from homeowner only; minimum Rivers yield 22.5%; early settlement is repayments outstanding less 3% discount; existing facilities or charges with Nationwide Finance are a common decline reason; unpaid items over 8 are a common decline reason,no CCJ on company or director credit record,Medium-term unsecured funding for newer businesses; monthly repayments; useful where the client is trading but lacks longer filed accounts,Ian@riversleasing.com
,No,Rivers Finance,Term Loan,Secured,,"£5,000","£250,000",24,60,,,,2.5% arr fee; legal fees,Up to 10%,6,,,,No,Yes,Yes,Second legal charge,"Limited companies and LLPs only; business must be registered in England or Wales; trading company with 2 years filed accounts; minimum 6 months trading; director guarantee required from homeowner only; second legal charge required; maximum loan up to £250k in £75k tranches; maximum drawdown £75k each, minimum 2 weeks apart; minimum Rivers yield 17.5%; early settlement is repayments outstanding less 3% discount",no CCJ on company or director credit record,Secured term funding up to £250k; monthly repayments; useful for larger facilities where second charge security is available,Ian@riversleasing.com
,No,Rivers Finance,Term Loan,Secured,,"£5,000","£250,000",24,36,,,,2.5% arr fee; legal fees,Up to 10%,6,,,,No,Yes,Yes,Second legal charge,"Limited companies and LLPs only; business must be registered in England or Wales; new starts or businesses with less than 3 years filed accounts; minimum 6 months trading; maximum term 3 years for new starts; director guarantee required from homeowner only; second legal charge required; maximum loan up to £250k in £75k tranches; maximum drawdown £75k each, minimum 2 weeks apart; minimum Rivers yield 20.5%; early settlement is repayments outstanding less 3% discount",no CCJ on company or director credit record,Secured term funding for newer businesses where homeowner security is available; larger loan size available than unsecured term product,Ian@riversleasing.com
,No,Rivers Finance,Term Loan,Secured,,"£5,000","£250,000",24,60,,,,2.5% arr fee; legal fees,Up to 10%,6,,,,No,Yes,Yes,Second legal charge,"Limited companies and LLPs only; business must be registered in England or Wales; trading company with 2 years filed accounts; minimum 6 months trading; director guarantee required from homeowner only; second legal charge required; interest only for 12 months then amortising over remaining term; maximum loan up to £250k in £75k tranches; maximum drawdown £75k each, minimum 2 weeks apart; minimum Rivers yield 18.5%; early settlement is repayments outstanding less 3% discount",no CCJ on company or director credit record,Low-start secured funding with 12 months interest only; useful where the client needs lower initial repayments; larger facilities available where second charge security is available,Ian@riversleasing.com
,No,Rivers Finance,Term Loan,Secured,,"£5,000","£250,000",24,36,,,,2.5% arr fee; legal fees,Up to 10%,6,,,,No,Yes,Yes,Second legal charge,"Limited companies and LLPs only; business must be registered in England or Wales; new starts or businesses with less than 3 years filed accounts; minimum 6 months trading; maximum term 3 years for new starts; director guarantee required from homeowner only; second legal charge required; interest only for 12 months then amortising over remaining term; maximum loan up to £250k in £75k tranches; maximum drawdown £75k each, minimum 2 weeks apart; minimum Rivers yield 21.5%; early settlement is repayments outstanding less 3% discount",no CCJ on company or director credit record,Low-start secured funding for newer businesses with homeowner security; 12 months interest only helps initial cash flow,Ian@riversleasing.com
,No,Swishfund,Asset Finance ,Secured,,"£150,001","£420,000",3,24,1.00%,3.00%,,,,12,"£4,167",,,No,Yes,Yes,Legal or equitable charge required,Ltd or LLP only; filed accounts required; avoid no profit before tax in each of previous 2 years; overdue accounts; 3+ new loans from different lenders in last 3 months; severe turnover decline; more than 10 DD reversals in 3 months or 20 in 6 months,insolvency issues,Secured route can reduce pricing; straight-line interest; no early settlement fees or extra interest; in-term bulk payments allowed; weekly or monthly repayments; interest and terms; fast payout after acceptance,support@swishfund.co.uk
,No,Time Finance,Asset Finance,Unsecured,,"£100,000",,36,60,9.50%,9.50%,,,,,,,,No,,No,Asset security,"Hard asset finance; standard terms 36-60 months; 72 and 84 months considered on certain asset classes by BDM; terms under 36 months considered by BDM; business trading under 2 years, refinance, Cat B assets, GGS deals, seasonal or structured profiles and non-rated suppliers to be referred to BDM; directors and shareholders details required, including name, address, DOB and consent to search; asset details required, including age, mileage or usage and supplier; last 3 months bank statements required over £50k; latest filed accounts and MI required if available; proposal must explain the story and rationale; policy exemptions include super cars, marine and aviation; tenant, new start and non-UK director combined will not be considered",,"Flexible hard asset funder; supports HP, sale and HP back, finance lease, refinance, GGS, seasonal and structured profiles and balloons; flexible repayment profiles available, including seasonal payments, low start, deposit spreads, VAT deferrals and VAT spreads; refinance considered up to 120% LTV by referral; decisions usually within 4 hours on flow transactions; non-flow decisions usually within 48 hours; same day payouts available where completed pack received before 11am",vajinder.bal@timefinance.com
,No,Time Finance,Asset Finance,Unsecured,,"£1,000","£9,999",36,60,19.00%,19.00%,,,Up to 15%,24,,,,No,Yes,No,Asset security,"Non-reg only; established business rate; suitable assets include office and shop fit-outs, garage equipment, gym equipment, beauty equipment, catering equipment, IT hardware and print; dislikes include scaffolding, third party advertising screens, software only, soft play and trampoline parks, mezzanine floors and EV chargers; name, home address and DOB required for all directors with permission to search; contact email and phone number required; business address and location of goods required; AML checks completed on PSCs of 25% or more; under £20k homeowner profiles underwritten on proposal and search only",,"Soft asset finance available from £1k; products include minimum term rental, fixed term rental, sales and lease or HP back and hire purchase; fast track available up to £20k asset cost for homeowner clean profiles; director guarantee required as standard from all directors",vajinder.bal@timefinance.com
,No,Time Finance,Asset Finance,Unsecured,,"£10,000","£19,999",36,60,17.00%,17.00%,,,Up to 15%,24,,,,No,Yes,No,Asset security,"Non-reg only; established business rate; suitable assets include office and shop fit-outs, garage equipment, gym equipment, beauty equipment, catering equipment, IT hardware and print; dislikes include scaffolding, third party advertising screens, software only, soft play and trampoline parks, mezzanine floors and EV chargers; name, home address and DOB required for all directors with permission to search; contact email and phone number required; business address and location of goods required; AML checks completed on PSCs of 25% or more; under £20k homeowner profiles underwritten on proposal and search only",,"Soft asset finance available from £1k; products include minimum term rental, fixed term rental, sales and lease or HP back and hire purchase; fast track available up to £20k asset cost for homeowner clean profiles; director guarantee required as standard from all directors",vajinder.bal@timefinance.com
,No,Time Finance,Asset Finance,Unsecured,,"£20,000","£50,000",36,60,14.00%,14.00%,,,Up to 15%,24,,,,No,Yes,No,Asset security,"Non-reg only; £20k-£50k considered by exception; over £20k and tenant profiles require last 3 months trading bank statements; over £20k also requires latest filed accounts; suitable assets include office and shop fit-outs, garage equipment, gym equipment, beauty equipment, catering equipment, IT hardware and print; dislikes include scaffolding, third party advertising screens, software only, soft play and trampoline parks, mezzanine floors and EV chargers; AML checks completed on PSCs of 25% or more",,"Soft asset finance by exception up to £50k; products include minimum term rental, fixed term rental, sales and lease or HP back and hire purchase; director guarantee required as standard from all directors; asset security required",vajinder.bal@timefinance.com
,No,Time Finance,Asset Finance,Unsecured,,"£1,000","£9,999",36,60,21.00%,21.00%,,,Up to 15%,3,,,,No,Yes,Yes,Asset security,"Non-reg only; new start businesses trading under 2 years limited to £15k maximum lend; must be homeowner; must have opened business bank account and show evidence of 3 months rentals in the bank; name, home address and DOB required for all directors with permission to search; contact email and phone number required; business address and location of goods required; AML checks completed on PSCs of 25% or more; suitable assets include office and shop fit-outs, garage equipment, gym equipment, beauty equipment, catering equipment, IT hardware and print",,"New start soft asset finance available where homeowner criteria met; products include minimum term rental, fixed term rental, sales and lease or HP back and hire purchase; director guarantee required as standard from all directors; asset security required",vajinder.bal@timefinance.com
,No,Time Finance,Asset Finance ,Unsecured,,"£7,500","£14,999",36,60,14.00%,14.00%,,,,,,,,No,,No,Asset security,"Hard asset finance; standard terms 36-60 months; 72 and 84 months considered on certain asset classes by BDM; terms under 36 months considered by BDM; business trading under 2 years, refinance, Cat B assets, GGS deals, seasonal or structured profiles and non-rated suppliers to be referred to BDM; directors and shareholders details required, including name, address, DOB and consent to search; asset details required, including age, mileage or usage and supplier; last 3 months bank statements required over £50k; latest filed accounts and MI required if available; proposal must explain the story and rationale; policy exemptions include super cars, marine and aviation; tenant, new start and non-UK director combined will not be considered",,"Flexible hard asset funder; supports HP, sale and HP back, finance lease, refinance, GGS, seasonal and structured profiles and balloons; flexible repayment profiles available, including seasonal payments, low start, deposit spreads, VAT deferrals and VAT spreads; refinance considered up to 120% LTV by referral; decisions usually within 4 hours on flow transactions; non-flow decisions usually within 48 hours; same day payouts available where completed pack received before 11am",vajinder.bal@timefinance.com
,No,Time Finance,Asset Finance ,Unsecured,,"£15,000","£24,999",36,60,12.00%,12.00%,,,,,,,,No,,No,Asset security,"Hard asset finance; standard terms 36-60 months; 72 and 84 months considered on certain asset classes by BDM; terms under 36 months considered by BDM; business trading under 2 years, refinance, Cat B assets, GGS deals, seasonal or structured profiles and non-rated suppliers to be referred to BDM; directors and shareholders details required, including name, address, DOB and consent to search; asset details required, including age, mileage or usage and supplier; last 3 months bank statements required over £50k; latest filed accounts and MI required if available; proposal must explain the story and rationale; policy exemptions include super cars, marine and aviation; tenant, new start and non-UK director combined will not be considered",,"Flexible hard asset funder; supports HP, sale and HP back, finance lease, refinance, GGS, seasonal and structured profiles and balloons; flexible repayment profiles available, including seasonal payments, low start, deposit spreads, VAT deferrals and VAT spreads; refinance considered up to 120% LTV by referral; decisions usually within 4 hours on flow transactions; non-flow decisions usually within 48 hours; same day payouts available where completed pack received before 11am",vajinder.bal@timefinance.com
,No,Time Finance,Asset Finance ,Unsecured,,"£25,000","£99,999",36,60,11.00%,11.00%,,,,,,,,No,,No,Asset security,"Hard asset finance; standard terms 36-60 months; 72 and 84 months considered on certain asset classes by BDM; terms under 36 months considered by BDM; business trading under 2 years, refinance, Cat B assets, GGS deals, seasonal or structured profiles and non-rated suppliers to be referred to BDM; directors and shareholders details required, including name, address, DOB and consent to search; asset details required, including age, mileage or usage and supplier; last 3 months bank statements required over £50k; latest filed accounts and MI required if available; proposal must explain the story and rationale; policy exemptions include super cars, marine and aviation; tenant, new start and non-UK director combined will not be considered",,"Flexible hard asset funder; supports HP, sale and HP back, finance lease, refinance, GGS, seasonal and structured profiles and balloons; flexible repayment profiles available, including seasonal payments, low start, deposit spreads, VAT deferrals and VAT spreads; refinance considered up to 120% LTV by referral; decisions usually within 4 hours on flow transactions; non-flow decisions usually within 48 hours; same day payouts available where completed pack received before 11am",vajinder.bal@timefinance.com
,No,Time Finance,Term Loan,Unsecured,,"£10,000","£15,000",36,60,19.00%,19.00%,,,Up to 15%,3,,,,No,Yes,Yes,Asset security,"Non-reg only; new start businesses trading under 2 years limited to £15k maximum lend; must be homeowner; must have opened business bank account and show evidence of 3 months rentals in the bank; name, home address and DOB required for all directors with permission to search; contact email and phone number required; business address and location of goods required; AML checks completed on PSCs of 25% or more; suitable assets include office and shop fit-outs, garage equipment, gym equipment, beauty equipment, catering equipment, IT hardware and print",,"New start soft asset finance available where homeowner criteria met; products include minimum term rental, fixed term rental, sales and lease or HP back and hire purchase; director guarantee required as standard from all directors; asset security required",vajinder.bal@timefinance.com
,No,TP24,Revolving Credit Facility,Secured,,"£250,000","£499,999",0,0,0.73%,0.73%,,3% facility fee per annum; 3% to 3.5%  application fee per commission sheet,,36,"£83,334",,,No,Not stated,No,Fixed first charge over trade receivables; unperfected assignment over bank accounts,"Receivables-backed revolving credit line; interest rate 8,75% per annum; company age 3+ years; turnover at least £1m in past 12 months; debtor book £300k+ across current, period 1 and 2; Limited, LLP or PLC only; minimum 3 FTE employees; majority shareholder must be UK domiciled; minimum 5 debtors; debtor concentration max 40%, or 50% for blue-chip; no self billing or applications for payment; debtor balances below £750 excluded; construction, car sales and mining excluded",solvent balance sheet; Delphi score above 26,Confidential working capital facility backed by trade receivables; no need to submit invoices; no monthly reconciliation; no lock-in agreements; no trust account; credit line can grow with receivables; draw less and pay less,partners@tradeplus24.co.uk
,No,TP24,Revolving Credit Facility,Secured,,"£500,000","£999,999",0,0,0.69%,0.69%,,2.5% facility fee per annum; 1.5% to 2.5%  application fee per commission sheet,,36,"£83,334",,,No,Not stated,No,Fixed first charge over trade receivables; unperfected assignment over bank accounts,"Receivables-backed revolving credit line; interest rate 8,25% per annum; company age 3+ years; turnover at least £1m in past 12 months; debtor book £300k+ across current, period 1 and 2; Limited, LLP or PLC only; minimum 3 FTE employees; majority shareholder must be UK domiciled; minimum 5 debtors; debtor concentration max 40%, or 50% for blue-chip; no self billing or applications for payment; debtor balances below £750 excluded; construction, car sales and mining excluded",solvent balance sheet; Delphi score above 26,Confidential working capital facility backed by trade receivables; no need to submit invoices; no monthly reconciliation; no lock-in agreements; no trust account; credit line can grow with receivables; draw less and pay less,partners@tradeplus24.co.uk
,No,TP24,Revolving Credit Facility,Secured,,"£1,000,000","£1,500,000",0,0,0.65%,0.65%,,2% facility fee per annum; £15k application fee,,36,"£83,334",,,No,Not stated,No,Fixed first charge over trade receivables; unperfected assignment over bank accounts,"Receivables-backed revolving credit line; interest rate 7,75% per annum; company age 3+ years; turnover at least £1m in past 12 months; debtor book £300k+ across current, period 1 and 2; Limited, LLP or PLC only; minimum 3 FTE employees; majority shareholder must be UK domiciled; minimum 5 debtors; debtor concentration max 40%, or 50% for blue-chip; no self billing or applications for payment; debtor balances below £750 excluded; construction, car sales and mining excluded",solvent balance sheet; Delphi score above 26,Confidential working capital facility backed by trade receivables; no need to submit invoices; no monthly reconciliation; no lock-in agreements; no trust account; credit line can grow with receivables; draw less and pay less,partners@tradeplus24.co.uk
,No,TP24,Revolving Credit Facility,Secured,,"£1,500,001","£2,000,000",0,0,0.60%,0.60%,,1.5% facility fee per annum; £15k application fee,,36,"£83,334",,,No,Not stated,No,Fixed first charge over trade receivables; unperfected assignment over bank accounts,"Receivables-backed revolving credit line; interest rate 7,25% per annum; company age 3+ years; turnover at least £1m in past 12 months; debtor book £300k+ across current, period 1 and 2; Limited, LLP or PLC only; minimum 3 FTE employees; majority shareholder must be UK domiciled; minimum 5 debtors; debtor concentration max 40%, or 50% for blue-chip; no self billing or applications for payment; debtor balances below £750 excluded; construction, car sales and mining excluded",solvent balance sheet; Delphi score above 26,Confidential working capital facility backed by trade receivables; no need to submit invoices; no monthly reconciliation; no lock-in agreements; no trust account; credit line can grow with receivables; draw less and pay less,partners@tradeplus24.co.uk
,No,TP24,Revolving Credit Facility,Secured,,"£2,000,001","£3,000,000",0,0,0.56%,0.56%,,1.25% facility fee per annum; £15k application fee,,36,"£83,334",,,No,Not stated,No,Fixed first charge over trade receivables; unperfected assignment over bank accounts,"Receivables-backed revolving credit line; interest rate 6,75% per annum; company age 3+ years; turnover at least £1m in past 12 months; debtor book £300k+ across current, period 1 and 2; Limited, LLP or PLC only; minimum 3 FTE employees; majority shareholder must be UK domiciled; minimum 5 debtors; debtor concentration max 40%, or 50% for blue-chip; no self billing or applications for payment; debtor balances below £750 excluded; construction, car sales and mining excluded",solvent balance sheet; Delphi score above 26,Confidential working capital facility backed by trade receivables; no need to submit invoices; no monthly reconciliation; no lock-in agreements; no trust account; credit line can grow with receivables; draw less and pay less,partners@tradeplus24.co.uk
,No,TP24,Revolving Credit Facility,Secured,,"£3,000,001","£5,000,000",0,0,0.52%,0.52%,,1% facility fee per annum; £20k application fee,,36,"£83,334",,,No,Not stated,No,Fixed first charge over trade receivables; unperfected assignment over bank accounts,"Receivables-backed revolving credit line; interest rate 6,25% per annum; company age 3+ years; turnover at least £1m in past 12 months; debtor book £300k+ across current, period 1 and 2; Limited, LLP or PLC only; minimum 3 FTE employees; majority shareholder must be UK domiciled; minimum 5 debtors; debtor concentration max 40%, or 50% for blue-chip; no self billing or applications for payment; debtor balances below £750 excluded; construction, car sales and mining excluded",solvent balance sheet; Delphi score above 26,Confidential working capital facility backed by trade receivables; no need to submit invoices; no monthly reconciliation; no lock-in agreements; no trust account; credit line can grow with receivables; draw less and pay less,partners@tradeplus24.co.uk
,Yes,Triver,Invoice Finance,Unsecured,,"£10,000","£700,000",0,60,TBC,TBC,,0.06% daily discount fee with no other fees; no setup fee,,24,"£8,333",,,No,No,No,,B2B invoices to UK businesses or public sector entities only; no outstanding receivables charge with negative pledge,,Up to 99% invoice advance; open-ended facility with no expiry; Open Banking only; no trust account required,https://pulse.triver.com/_hcms/mem/login?hsLang=en
,Yes,Ultimate Finance,Bridging,Secured,,"£100,000","£750,000",1,18,0.84%,0.84%,,2% arr fee,,0,£0,,,No,Not stated,Not stated,Residential property security,Optimise; standard up to 70% gross LTV; max loan outside Greater London is £500k; AVM confidence score drives LTV; Perfect Title insurance can be used; dual representation available up to £500k,,Streamlined online application and underwriting; instant valuation route available; decision expected within 24 hours where information is complete,kay.williams@ultimatefinance.co.uk
,Yes,Ultimate Finance,Bridging,Secured,,"£100,000","£750,000",1,18,0.89%,0.89%,,2% arr fee,,0,£0,,,No,Not stated,Not stated,Residential property security,Optimise higher LTV route; available over 70% up to 75% gross LTV; max loan outside Greater London is £500k; desktop valuation required where gross LTV exceeds 70%; desktop valuations not available in Scotland; Perfect Title insurance can be used,,Higher LTV Optimise option; desktop valuation route can avoid full valuation delays where suitable; dual representation available up to £500k,kay.williams@ultimatefinance.co.uk
,Yes,Ultimate Finance,Bridging,Secured,,"£100,000","£750,000",1,18,0.99%,0.99%,,,,0,£0,,,No,Not stated,Not stated,Residential property security,"Optimise borrower-funded refurbishment; borrower must evidence full funding for works plus 10% contingency; acceptable works include cosmetic upgrades, plastering, flooring, landscaping, kitchens, bathrooms, rewiring and heating; larger structural or regulated works should use refurbishment products",,Fast bridging option where the borrower is funding the works themselves; suitable for habitable residential property with light refurbishment works,kay.williams@ultimatefinance.co.uk
,Yes,Ultimate Finance,Bridging,Secured,,"£100,000","£750,000",1,18,1.04%,1.04%,,,,0,£0,,,No,Not stated,Not stated,Residential property security,"Optimise BMV route; up to 90% loan-to-purchase-price; legitimate BMV rationale required, such as option agreement, probate, auction or fire sale; property must not have been marketed for more than 3 months; AVM confidence score over 6 required unless desktop valuation route applies",,Fast bridging option for suitable below market value purchases; can support high loan-to-purchase-price transactions where rationale and valuation support it,kay.williams@ultimatefinance.co.uk
,Yes,Ultimate Finance,Bridging,Secured,,"£100,000","£4,000,000",1,18,0.79%,0.84%,,2% arr fee,,0,£0,,,No,Yes,Not stated,First registered legal charge on residential assets,Purchase Bridge standard purchase route; interest can be serviced; part-serviced or fully retained; early repayment fee of 2% of total outstanding applies only during first 3 months; valuation must be addressed to Ultimate Finance and dated within 3 months,adverse credit considered with clear explanation,Decision in principle within 24 hours; fully credit-backed offer within 72 hours; UK and non-UK residents considered via UK limited business or SPV,kay.williams@ultimatefinance.co.uk
,Yes,Ultimate Finance,Bridging,Secured,,"£100,000","£4,000,000",1,18,0.94%,1.14%,,,,0,£0,,,No,Yes,Not stated,First registered legal charge on residential assets,Purchase Bridge BMV or title split route; unlimited PG required; up to 100% of purchase price considered where there is clear rationale for discounted purchase price or value uplift; early repayment fee of 2% of total outstanding applies only during first 3 months,,Suitable for below market value or title split transactions; useful where purchase price support and value uplift rationale are clear,kay.williams@ultimatefinance.co.uk
,Yes,Uncapped,Term Loan,Unsecured,,"£100,000","£5,000,000",6,18,0.70%,1.50%,,,,6,"£100,000",,,No,No,No,"No PG, no dilution, no warrants, no collateral required","Working capital for online brands, sellers, retailers and e-commerce businesses; Limited Companies only, sole traders not eligible; fixed term loans or lines of credit available; top-ups available 30% to 50% into term, typically 3 to 4 times per year; secured and unsecured options available; Amazon sellers may be considered from lower monthly revenue",,"Offers targeted within 24 hours; fixed fee pricing, typically around 1% per month; no personal guarantees, warrants, hidden fees or equity dilution; suitable for inventory, marketing, purchase orders, hiring, expansion and growth working capital",Partner portal / referral agreement via HelloSign
,Yes,Wayflyer,Term Loan,Unsecured,,"£20,000","£1,000,000",3,12,1.50%,2.50%,,,,24,"£25,000",,,No,No,No,Just open banking connection ,,,Term Loan,https://authn.wayflyer.com/u/login?state=hKFo2SBra3MxN05sV3phQXlOVzIwS0J1TUhxdGtKZHBnVjdpaqFur3VuaXZlcnNhbC1sb2dpbqN0aWTZIGc4RGRSR3YzXzlaOEhoRm9LZmdDd0RaMXJJNFM1ZjRmo2NpZNkgZjdmZjNFd0FKeldNOHp0ZFBHN0o1YmpuTTlDMmpleWg
,No,YouLend,Merchant Cash Advance,Unsecured,,"£5,000","£99,999",,,,,,,,3,"£5,000",,,No,No,Yes,,"Must have card sales, online or terminal, of £5,000+ per month; minimum 3 months card sales; funding up to 2x average monthly card sales; limited companies, sole traders and partnerships considered; almost all non-cash, non-invoice recurring payments considered; Open Banking preferred, otherwise 4-12 months PDF bank statements; website or Google listing used to validate proof of trade; strongest sectors include hospitality, retail, e-commerce, health, beauty, hair care and MOT centres",,"Repayments flex in line with sales; no fixed monthly repayment; no monthly interest, fixed fee typically 1.10x to 1.35x funded amount; no homeowner requirement; no security required; offers usually returned within 24 hours on correct submissions; funding can be available quickly once approved; same day top-ups available from 60% repaid ",YouLend Portal
,No,YouLend,Merchant Cash Advance,Unsecured,,"£100,000","£2,000,000",,,,,,,,3,"£5,000",,,No,No,Yes,,"Must have card sales, online or terminal, of £5,000+ per month; minimum 3 months card sales; funding up to 2x average monthly card sales; limited companies, sole traders and partnerships considered; management accounts required for £100k+ funding, including draft balance sheet and profit and loss dated within last 3 months; Open Banking preferred, otherwise 4-12 months PDF bank statements; website or Google listing used to validate proof of trade; strongest sectors include hospitality, retail, e-commerce, health, beauty, hair care and MOT centres",,"Larger facilities available up to £2m; repayments flex in line with sales; no fixed monthly repayment; no monthly interest, fixed fee typically 1.10x to 1.35x funded amount; no homeowner requirement; no security required; offers usually returned within 24 hours on correct submissions; funding can be available quickly once approved; same day top-ups available from 60% repaid",YouLend Portal
